Sample_ID	DRAM	Metacerberus	Metacerberus_MPP
568	141.71666666666667	99.01666666666667	12.514833333333334
