Sample_ID	Metacerberus-Annotated	Metacerberus-Hypothetical	Metacerberus-Unknown	DRAM-Annotated	DRAM-Hypothetical	DRAM-Unknown	InterProScan-Annotated	InterProScan-Hypothetical	InterProScan-Unknown	InterProScan_pro-Annotated	InterProScan_pro-Hypothetical	InterProScan_pro-Unknown	PROKKA-Annotated	PROKKA-Hypothetical	PROKKA-Unknown
median	41.66666666666667	57.407407407407405	1.639344262295082	26.726190476190474	70.37037037037037	1.6260162601626018	4.3478260869565215	0.0	2.6548672566371683	18.852459016393443	0.0	29.166666666666668	1.2549173878835562	98.74508261211645	0.0
q1	31.100018318373326	45.90163934426229	0.9216785592932382	23.565279770444764	62.809597523219814	0.0	3.2051282051282053	0.0	1.8265221017514595	15.831685343880466	0.0	26.366832092638546	0.0	96.88375350140056	0.0
