Sample_ID	Metacerberus-Annotated	Metacerberus-Hypothetical	Metacerberus-Unknown	DRAM-Annotated	DRAM-Hypothetical	DRAM-Unknown
median	23.108968890405503	66.11926292441564	10.771768185178866	18.573694430856346	5.068113428499429	76.35819214064422
q1	23.108968890405503	66.11926292441564	10.771768185178866	18.573694430856346	5.068113428499429	76.35819214064422
