Sample_ID	Metacerberus-Annotated	Metacerberus-Hypothetical	Metacerberus-Unknown	DRAM-Annotated	DRAM-Hypothetical	DRAM-Unknown	InterProScan-Annotated	InterProScan-Hypothetical	InterProScan-Unknown	InterProScan_pro-Annotated	InterProScan_pro-Hypothetical	InterProScan_pro-Unknown	PROKKA-Annotated	PROKKA-Hypothetical	PROKKA-Unknown
median	63.5957637718201	28.16562799115142	7.486933221059566	66.81996874665992	0.1629992932711979	33.074553180998656	23.24325194926734	0.0	2.672220845918901	71.98312776904869	0.04153255024171133	7.25734546948306	38.53015592821418	61.469844071785815	0.0
q1	57.411967856260496	22.637311106173897	5.876765710149764	59.96523952930942	0.09469046085166515	25.454923437795056	5.220926990533597	0.0	0.9322211262030072	65.40875545255953	0.0	5.415736564018662	33.92602372181171	56.0661924021378	0.0
