Sample_ID	Metacerberus-Annotated	Metacerberus-Hypothetical	Metacerberus-Unknown	DRAM-Annotated	DRAM-Hypothetical	DRAM-Unknown	InterProScan-Annotated	InterProScan-Hypothetical	InterProScan-Unknown	InterProScan_pro-Annotated	InterProScan_pro-Hypothetical	InterProScan_pro-Unknown	PROKKA-Annotated	PROKKA-Hypothetical	PROKKA-Unknown
median	73.84597917248524	20.409280175355736	5.8277006049932725	80.39294890486975	0.22961967715022236	19.42911933766246	18.582962832629974	0.0	2.4027440668824163	82.62797954085238	0.1263425895442129	5.785423071886662	53.158412157401536	46.841587842598464	0.0
q1	68.02261386318273	16.20290377520022	4.490440687975197	75.06534085903408	0.14673198512078237	16.03408660068768	6.554179415056362	0.0	0.7892351657820679	77.89533424742588	0.07557714511570648	4.452975689475716	45.40266545592638	42.233671747741575	0.0
