Sample_ID	Metacerberus-Annotated	Metacerberus-Hypothetical	Metacerberus-Unknown	DRAM-Annotated	DRAM-Hypothetical	DRAM-Unknown	InterProScan-Annotated	InterProScan-Hypothetical	InterProScan-Unknown	InterProScan_pro-Annotated	InterProScan_pro-Hypothetical	InterProScan_pro-Unknown	PROKKA-Annotated	PROKKA-Hypothetical	PROKKA-Unknown
median	64.03508771929825	34.375	0.8620689655172413	45.25202520252025	51.89551849921834	1.0582306830907053	5.615942028985508	0.0	2.4099883855981417	29.166666666666668	0.0	17.346938775510203	4.145189003436426	95.85481099656357	0.0
q1	55.05748663101605	21.98808003405704	0.0	35.74976348155156	40.71180555555556	0.0	3.6475168968557155	0.0	0.4929245283018868	21.361909929462833	0.0	11.502324680356452	1.5541835213966362	88.70376731936334	0.0
