Sample_ID	Metacerberus-Annotated	Metacerberus-Hypothetical	Metacerberus-Unknown	DRAM-Annotated	DRAM-Hypothetical	DRAM-Unknown	InterProScan-Annotated	InterProScan-Hypothetical	InterProScan-Unknown	InterProScan_pro-Annotated	InterProScan_pro-Hypothetical	InterProScan_pro-Unknown	PROKKA-Annotated	PROKKA-Hypothetical	PROKKA-Unknown
median	65.8371913580247	33.68055555555556	0.3630050505050505	54.54545454545454	32.05128205128205	0.0	inf	0.0	inf	37.41530208921513	0.0	12.971210076473234	14.94612068965517	85.05387931034483	0.0
q1	55.33459595959596	23.425925925925924	0.0	39.07511622216785	0.0	0.0	11.458333333333332	0.0	2.4624624624624625	18.813466645836588	0.0	8.762626262626263	0.0	37.0	0.0
