Sample_ID	Metacerberus-Annotated	Metacerberus-Hypothetical	Metacerberus-Unknown	DRAM-Annotated	DRAM-Hypothetical	DRAM-Unknown	InterProScan-Annotated	InterProScan-Hypothetical	InterProScan-Unknown	InterProScan_pro-Annotated	InterProScan_pro-Hypothetical	InterProScan_pro-Unknown	PROKKA-Annotated	PROKKA-Hypothetical	PROKKA-Unknown
median	61.29700733176696	30.3758524149298	8.261771069084825	66.57824933687002	0.08888888888888889	33.40143003064352	28.360326744036186	0.0	3.1643215768920845	70.47292671665791	0.0	7.200725905761876	5.137482757570861	94.86251724242913	0.0
q1	57.9650672211612	26.864823076683443	7.525982166918579	62.38532110091744	0.0	31.039531478770133	17.79703343510875	0.0	1.8668288842942076	67.63554422058348	0.0	6.454737432021615	4.073843277769123	93.4786641929499	0.0
