Sample_ID	DRAM	Metacerberus
568	141.71666666666667	99.01666666666667
